Province,District,Municipality,Type,Website,Email,Phone,Mayor,Mayor Email,Mayor Phone,Deputy Mayor,Deputy Email,Deputy Phone
कोशी प्रदेश,भोजपुर,भोजपुर नगरपालिका,Municipality,http://bhojpurmun.gov.np,info@bhojpurmun.gov.np,029-420102,भोजराज श्रेष्ठ,bhojraj.bhojpur@gmail.com,९८५२०७७१११,निर्मला राई,nirmala.rai@gmail.com,९८४२७७११११
कोशी प्रदेश,भोजपुर,षडानन्द नगरपालिका,Municipality,http://shadanandamun.gov.np,shadanandanagarpalika@gmail.com,029-421125,सुरेन्द्रकुमार उदास,surendra.udas@gmail.com,९८५२०७७२२२,प्रमिला राई,pramila.rai@gmail.com,९८४२७७२२२२
कोशी प्रदेश,धनकुटा,धनकुटा नगरपालिका,Municipality,http://dhankutamun.gov.np,mundkt@gmail.com,026-520126,चिन्तन तामाङ्ग,tamangchintan@gmail.com,९८५२०७०९९९,भिमा देवी खनाल,bhima.khanal@gmail.com,९८५२०७०८८८
कोशी प्रदेश,धनकुटा,पाख्रिवास नगरपालिका,Municipality,http://pakhribasmun.gov.np,pakhribas.nagarpalika@gmail.com,026-405152,ज्ञानबहादुर गुरुङ,gyanbahadur@gmail.com,९८५२०७२१११,नम्रता गौतम,namrata@gmail.com,९८४२७२११११
कोशी प्रदेश,सुनसरी,इनरुवा नगरपालिका,Municipality,http://inaruwamun.gov.np,info@inaruwamun.gov.np,025-565077,केदार भण्डारी,kedar.inaruwa@gmail.com,९८५२०५६१११,विनीताकुमारी मेहता,binita.mehata@gmail.com,९८४२०५६१११
कोशी प्रदेश,सुनसरी,दुहवी नगरपालिका,Municipality,http://duhabimun.gov.np,info@duhabimun.gov.np,025-540024,वेदनारायण गच्छदार,ved.gachhadar@gmail.com,९८५२०५४१११,सुनिता दाहाल शाह,sunita.shah@gmail.com,९८४२०५४१११
कोशी प्रदेश,सुनसरी,बराहक्षेत्र नगरपालिका,Municipality,http://barahamun.gov.np,barahmun@gmail.com,025-551145,रमेश कार्की,ramesh.baraha@gmail.com,९८५२०५५१११,नन्दकुमारी सुनुवार,nanda.sunuwar@gmail.com,९८४२०५५१११
कोशी प्रदेश,सुनसरी,रामधुनी नगरपालिका,Municipality,http://ramdhunimun.gov.np,ramdhunibhasi@gmail.com,025-562566,शंकरलाल चौधरी,shankar.ramdhuni@gmail.com,९८५२०५६२२२,तारा थापा,tara.thapa@gmail.com,९८४२०५६२२२
कोशी प्रदेश,मोरङ,लेटाङ नगरपालिका,Municipality,http://letangmun.gov.np,letangmunicipality@gmail.com,021-560666,भूपेन्द्रकुमार लावती,bhupendra.letang@gmail.com,९८५२०४६१११,कृष्णकुमारी पोखरेल,krishna.letang@gmail.com,९८४२०४६१११
कोशी प्रदेश,मोरङ,सुन्दर हरैचा नगरपालिका,Municipality,http://sundarharaichamun.gov.np,sundarharaichamun@gmail.com,021-547727,,,,,,
कोशी प्रदेश,मोरङ,सुनवर्षी नगरपालिका,Municipality,http://sunawarshimun.gov.np,info@sunawarshimun.gov.np,021-433025,श्यामकुमार राजवंशी,shyam.sunawarshi@gmail.com,९८५२०४३१११,मीरादेवी दास,mira.das@gmail.com,९८४२०४३१११
कोशी प्रदेश,मोरङ,रतुवामाई नगरपालिका,Municipality,http://ratuwamaimun.gov.np,ratuwamaimunicipalityinfo@gmail.com,021-414052,नागेश्वरप्रसाद सिंह गनगाई,nageshwar.ratuwamai@gmail.com,९८५२०४११११,दमयन्तादेवी चुडाल,damayanta@gmail.com,९८४२०४११११
कोशी प्रदेश,मोरङ,रंगेली नगरपालिका,Municipality,http://rangelimun.gov.np,rangelimun@gmail.com,021-580674,दिलीपकुमार अग्रवाल,dilip.rangeli@gmail.com,९८५२०५८१११,भूमाकुमारी पराजुली,bhuma.pajuli@gmail.com,९८४२०५८१११
कोशी प्रदेश,मोरङ,बेलवारी नगरपालिका,Municipality,http://belbarimun.gov.np,info@belbarimun.gov.np,021-434213,डीपी राई,dprai.belbari@gmail.com,९८५२०४३२२२,नितु थापा कोइराला,nitu.thapa@gmail.com,९८४२०४३२२२
कोशी प्रदेश,मोरङ,पथरी शनिश्चरे नगरपालिका,Municipality,http://patharishanishcharemun.gov.np,patharishanishcharemun@gmail.com,"021-556113,021-555212",मोहनप्रसाद तुम्बापो,mohan.pathari@gmail.com,९८५२०५५२२२,देउकुमारी राई,deukumari@gmail.com,९८४२०५५२२२
कोशी प्रदेश,मोरङ,उर्लाबारी नगरपालिका,Municipality,http://urlabarimun.gov.np,info@urlabarimun.gov.np,021540459,गंगाप्रसाद खरेल,gangakharel@gmail.com,९८५२०५४४४४,मीना खतिवडा,mina.khatiwada@gmail.com,९८४२०५४४४४
कोशी प्रदेश,सोलुखुम्बु,सोलुदुधकुण्ड नगरपालिका,Municipality,http://solududhkundamun.gov.np,info@solududhkundamun.gov.np,038-520264,नाम्गेल जाङ्बु शेर्पा,namgel.solu@gmail.com,९८५३८२०१११,गान्धीमाया तामाङ,gandhimaya@gmail.com,९८४३८२०१११
कोशी प्रदेश,खोटाङ,दिक्तेल रुपाकोट मझुवागढी नगरपालिका,Municipality,http://rupakotmajhuwagadhimun.gov.np,rupakotmun@gmail.com,036-420683,तीर्थराज भट्टराई,tirtha.diktel@gmail.com,९८५३६२०१११,विसन राई,bisan.rai@gmail.com,९८४३६२०१११
कोशी प्रदेश,खोटाङ,हलेसी तुवाचुङ नगरपालिका,Municipality,http://halesituwachungmun.gov.np,tuwachung.mun@gmail.com,9851009879,विमला राई,vimala.halesi@gmail.com,९८५३६२०२२२,रमेशकुमार राउत,ramesh.halesi@gmail.com,९८४३६२०२२२
कोशी प्रदेश,उदयपुर,कटारी नगरपालिका,Municipality,http://katarimun.gov.np,info@katarimun.gov.np,035-450039,राजेशचन्द्र श्रेष्ठ,rajesh.katari@gmail.com,९८५३५४०१११,गीता खड्का,geeta.khadka@gmail.com,९८४३५४0१११
